/*Application table*/
INSERT INTO PUBLIC.APPLICATION (ID, NAME) VALUES (1, 'Test Application 1');
INSERT INTO PUBLIC.APPLICATION (ID, NAME) VALUES (2, 'Test Application 2');

/*Application Version table*/
INSERT INTO PUBLIC.APPLICATIONVERSION (ID, VERSION, APPID) VALUES (1, '1.0', 1);
INSERT INTO PUBLIC.APPLICATIONVERSION (ID, VERSION, APPID) VALUES (2, '2.0', 2);
INSERT INTO PUBLIC.APPLICATIONVERSION (ID, VERSION, APPID) VALUES (3, '1.1', 1);
INSERT INTO PUBLIC.APPLICATIONVERSION (ID, VERSION, APPID) VALUES (4, '1.2', 1);
INSERT INTO PUBLIC.APPLICATIONVERSION (ID, VERSION, APPID) VALUES (5, '2.1', 2);

/*Library Vendor Table*/
INSERT INTO PUBLIC.LIBRARYVENDOR (ID, VENDOR) VALUES (1, 'Apache');
INSERT INTO PUBLIC.LIBRARYVENDOR (ID, VENDOR) VALUES (2, 'Apache');
INSERT INTO PUBLIC.LIBRARYVENDOR (ID, VENDOR) VALUES (3, 'Mortbay');
INSERT INTO PUBLIC.LIBRARYVENDOR (ID, VENDOR) VALUES (4, 'Mortbay');
INSERT INTO PUBLIC.LIBRARYVENDOR (ID, VENDOR) VALUES (5, 'Oracle');

/*Library License Table*/
INSERT INTO PUBLIC.LICENSES (ID, CONTENTTYPE, FILENAME, LICENSENAME, TEXT, URL) VALUES (1, 'application/octet-stream', '', 'GPL', null , null);
INSERT INTO PUBLIC.LICENSES (ID, CONTENTTYPE, FILENAME, LICENSENAME, TEXT, URL) VALUES (2, 'application/octet-stream', '', 'GPL', null , null);
INSERT INTO PUBLIC.LICENSES (ID, CONTENTTYPE, FILENAME, LICENSENAME, TEXT, URL) VALUES (3, 'application/octet-stream', '', 'MIT', null , null);
INSERT INTO PUBLIC.LICENSES (ID, CONTENTTYPE, FILENAME, LICENSENAME, TEXT, URL) VALUES (4, 'application/octet-stream', '', 'MIT', null , null);
INSERT INTO PUBLIC.LICENSES (ID, CONTENTTYPE, FILENAME, LICENSENAME, TEXT, URL) VALUES (5, 'application/octet-stream', '', 'GNU', null , null);

/*Library Table*/
INSERT INTO PUBLIC.LIBRARY (ID, LANG, LIBRARYNAME, SECUNIA, LIBRARYVENDORID, LICENSEID) VALUES (1, 'Java', 'Commons-Lang', 121, 1, 1);
INSERT INTO PUBLIC.LIBRARY (ID, LANG, LIBRARYNAME, SECUNIA, LIBRARYVENDORID, LICENSEID) VALUES (2, 'Java', 'Commons-IO', 122, 2, 2);
INSERT INTO PUBLIC.LIBRARY (ID, LANG, LIBRARYNAME, SECUNIA, LIBRARYVENDORID, LICENSEID) VALUES (3, 'Java', 'Jetty', 201, 3, 3);
INSERT INTO PUBLIC.LIBRARY (ID, LANG, LIBRARYNAME, SECUNIA, LIBRARYVENDORID, LICENSEID) VALUES (4, 'Java', 'Jetty', 202, 4, 4);
INSERT INTO PUBLIC.LIBRARY (ID, LANG, LIBRARYNAME, SECUNIA, LIBRARYVENDORID, LICENSEID) VALUES (5, 'Java', 'Glassfish', 301, 5, 5);

/*Library Version Table*/
INSERT INTO PUBLIC.LIBRARYVERSION (ID, LIBRARYVERSION, LIBRARYID) VALUES (1, '2.6', 1);
INSERT INTO PUBLIC.LIBRARYVERSION (ID, LIBRARYVERSION, LIBRARYID) VALUES (2, '3.1', 2);
INSERT INTO PUBLIC.LIBRARYVERSION (ID, LIBRARYVERSION, LIBRARYID) VALUES (3, '7.0', 3);
INSERT INTO PUBLIC.LIBRARYVERSION (ID, LIBRARYVERSION, LIBRARYID) VALUES (4, '8.0', 4);
INSERT INTO PUBLIC.LIBRARYVERSION (ID, LIBRARYVERSION, LIBRARYID) VALUES (5, '4.0', 5);
