INSERT INTO APPLICATION (ID, NAME) VALUES (1, 'Test Application 1');
INSERT INTO APPLICATION (ID, NAME) VALUES (2, 'Test Application 2');

INSERT INTO APPLICATIONVERSION (ID, VERSION, APPID) VALUES (1, '1.0', 1);
INSERT INTO APPLICATIONVERSION (ID, VERSION, APPID) VALUES (2, '1.1', 1);
INSERT INTO APPLICATIONVERSION (ID, VERSION, APPID) VALUES (3, '1.2', 1);
INSERT INTO APPLICATIONVERSION (ID, VERSION, APPID) VALUES (4, '4.0', 2);
INSERT INTO APPLICATIONVERSION (ID, VERSION, APPID) VALUES (5, '5.0', 2);

INSERT INTO LIBRARYVENDOR (ID, VENDOR) VALUES (1, 'Apache');
INSERT INTO LIBRARYVENDOR (ID, VENDOR) VALUES (2, 'Eclipse');
INSERT INTO LIBRARYVENDOR (ID, VENDOR) VALUES (3, 'Mortbay');
INSERT INTO LIBRARYVENDOR (ID, VENDOR) VALUES (4, 'Oracle');


INSERT INTO LIBRARY (ID, LANG, LIBRARYNAME,  LIBRARYVENDORID, LICENSEID) VALUES (1, 'Java', 'Commons-Lang', 1, 1);
INSERT INTO LIBRARY (ID, LANG, LIBRARYNAME,  LIBRARYVENDORID, LICENSEID) VALUES (2, 'Java', 'Commons-IO',  1, 2);
INSERT INTO LIBRARY (ID, LANG, LIBRARYNAME,  LIBRARYVENDORID, LICENSEID) VALUES (3, 'Java', 'Commons-Collections', 1, 3);
INSERT INTO LIBRARY (ID, LANG, LIBRARYNAME,  LIBRARYVENDORID, LICENSEID) VALUES (4, 'Java', 'Commons-Validator', 1, 4);
INSERT INTO LIBRARY (ID, LANG, LIBRARYNAME,  LIBRARYVENDORID, LICENSEID) VALUES (5, 'Java', 'Jetty',  2, 5);
INSERT INTO LIBRARY (ID, LANG, LIBRARYNAME,  LIBRARYVENDORID, LICENSEID) VALUES (7, 'Java', 'Glassfish', 4, 6);

INSERT INTO LIBRARYVERSION (ID, LIBRARYVERSION, LIBRARYID, SECUNIA) VALUES (1, '2.6', 1,260);
INSERT INTO LIBRARYVERSION (ID, LIBRARYVERSION, LIBRARYID, SECUNIA) VALUES (2, '3.1', 1,310);
INSERT INTO LIBRARYVERSION (ID, LIBRARYVERSION, LIBRARYID, SECUNIA) VALUES (3, '2.2', 2,220);
INSERT INTO LIBRARYVERSION (ID, LIBRARYVERSION, LIBRARYID, SECUNIA) VALUES (4, '2.4', 2,240);
INSERT INTO LIBRARYVERSION (ID, LIBRARYVERSION, LIBRARYID, SECUNIA) VALUES (5, '3.2.1', 3,3210);
INSERT INTO LIBRARYVERSION (ID, LIBRARYVERSION, LIBRARYID, SECUNIA) VALUES (6, '1.2.0', 4,1200);
INSERT INTO LIBRARYVERSION (ID, LIBRARYVERSION, LIBRARYID, SECUNIA) VALUES (7, '1.3.0', 4,1300);
INSERT INTO LIBRARYVERSION (ID, LIBRARYVERSION, LIBRARYID, SECUNIA) VALUES (8, '1.3.1', 4,1310);
INSERT INTO LIBRARYVERSION (ID, LIBRARYVERSION, LIBRARYID, SECUNIA) VALUES (9, '1.4.0', 4,1400);
INSERT INTO LIBRARYVERSION (ID, LIBRARYVERSION, LIBRARYID, SECUNIA) VALUES (10, '7.0', 5,700);
INSERT INTO LIBRARYVERSION (ID, LIBRARYVERSION, LIBRARYID, SECUNIA) VALUES (11, '8.0', 5,800);
INSERT INTO LIBRARYVERSION (ID, LIBRARYVERSION, LIBRARYID, SECUNIA) VALUES (14, '4.0', 7,400);

INSERT INTO APPLICATIONDEPENDENCY (ID, LIBRARYVERSIONID, APPVERSIONID) VALUES (1, 1, 1);
INSERT INTO APPLICATIONDEPENDENCY (ID, LIBRARYVERSIONID, APPVERSIONID) VALUES (2, 6, 1);
INSERT INTO APPLICATIONDEPENDENCY (ID, LIBRARYVERSIONID, APPVERSIONID) VALUES (3, 10, 1);