INSERT INTO APPLICATION (ID, NAME) VALUES (1, 'Test Application 1');
INSERT INTO APPLICATION (ID, NAME) VALUES (2, 'Test Application 2');

INSERT INTO APPLICATIONVERSION (ID, VERSION, APPID) VALUES (1, '1.0', 1);
INSERT INTO APPLICATIONVERSION (ID, VERSION, APPID) VALUES (2, '1.1', 1);
INSERT INTO APPLICATIONVERSION (ID, VERSION, APPID) VALUES (3, '1.2', 1);
INSERT INTO APPLICATIONVERSION (ID, VERSION, APPID) VALUES (4, '4.0', 2);
INSERT INTO APPLICATIONVERSION (ID, VERSION, APPID) VALUES (5, '5.0', 2);

INSERT INTO LIBRARYVENDOR (ID, VENDOR) VALUES (1, 'Apache');
INSERT INTO LIBRARYVENDOR (ID, VENDOR) VALUES (2, 'Eclipse');
INSERT INTO LIBRARYVENDOR (ID, VENDOR) VALUES (3, 'Mortbay');
INSERT INTO LIBRARYVENDOR (ID, VENDOR) VALUES (4, 'Oracle');

INSERT INTO LICENSES (ID, LICENSENAME, CONTENTTYPE) VALUES (1, 'GPL','application/octet-stream');
INSERT INTO LICENSES (ID, LICENSENAME, CONTENTTYPE) VALUES (2, 'MIT','application/octet-stream');
INSERT INTO LICENSES (ID, LICENSENAME, CONTENTTYPE) VALUES (3, 'GNU','application/octet-stream');

INSERT INTO LIBRARY (ID, LANG, LIBRARYNAME, SECUNIA, LIBRARYVENDORID, LICENSEID) VALUES (1, 'Java', 'Commons-Lang', 10, 1, 1);
INSERT INTO LIBRARY (ID, LANG, LIBRARYNAME, SECUNIA, LIBRARYVENDORID, LICENSEID) VALUES (2, 'Java', 'Commons-IO', 20, 1, 1);
INSERT INTO LIBRARY (ID, LANG, LIBRARYNAME, SECUNIA, LIBRARYVENDORID, LICENSEID) VALUES (3, 'Java', 'Commons-Collections', 40, 1, 1);
INSERT INTO LIBRARY (ID, LANG, LIBRARYNAME, SECUNIA, LIBRARYVENDORID, LICENSEID) VALUES (4, 'Java', 'Commons-Validator', 30, 1, 1);
INSERT INTO LIBRARY (ID, LANG, LIBRARYNAME, SECUNIA, LIBRARYVENDORID, LICENSEID) VALUES (5, 'Java', 'Jetty', 50, 2, 2);
INSERT INTO LIBRARY (ID, LANG, LIBRARYNAME, SECUNIA, LIBRARYVENDORID, LICENSEID) VALUES (7, 'Java', 'Glassfish', 60, 4, 1);

INSERT INTO LIBRARYVERSION (ID, LIBRARYVERSION, LIBRARYID) VALUES (1, '2.6', 1);
INSERT INTO LIBRARYVERSION (ID, LIBRARYVERSION, LIBRARYID) VALUES (2, '3.1', 1);
INSERT INTO LIBRARYVERSION (ID, LIBRARYVERSION, LIBRARYID) VALUES (3, '2.2', 2);
INSERT INTO LIBRARYVERSION (ID, LIBRARYVERSION, LIBRARYID) VALUES (4, '2.4', 2);
INSERT INTO LIBRARYVERSION (ID, LIBRARYVERSION, LIBRARYID) VALUES (5, '3.2.1', 3);
INSERT INTO LIBRARYVERSION (ID, LIBRARYVERSION, LIBRARYID) VALUES (6, '1.2.0', 4);
INSERT INTO LIBRARYVERSION (ID, LIBRARYVERSION, LIBRARYID) VALUES (7, '1.3.0', 4);
INSERT INTO LIBRARYVERSION (ID, LIBRARYVERSION, LIBRARYID) VALUES (8, '1.3.1', 4);
INSERT INTO LIBRARYVERSION (ID, LIBRARYVERSION, LIBRARYID) VALUES (9, '1.4.0', 4);
INSERT INTO LIBRARYVERSION (ID, LIBRARYVERSION, LIBRARYID) VALUES (10, '7.0', 5);
INSERT INTO LIBRARYVERSION (ID, LIBRARYVERSION, LIBRARYID) VALUES (11, '8.0', 5);
INSERT INTO LIBRARYVERSION (ID, LIBRARYVERSION, LIBRARYID) VALUES (14, '4.0', 7);

INSERT INTO APPLICATIONDEPENDENCY (ID, LIBRARYVERSIONID, APPVERSIONID) VALUES (1, 1, 1);
INSERT INTO APPLICATIONDEPENDENCY (ID, LIBRARYVERSIONID, APPVERSIONID) VALUES (2, 6, 1);
INSERT INTO APPLICATIONDEPENDENCY (ID, LIBRARYVERSIONID, APPVERSIONID) VALUES (3, 10, 1);